"user_id","first_name","last_name","gender","subscription_type"
1,"Gil ","Wheeler","Male","Premium"
2,"Lily ","Jarrett","Female","Premium"
3,"Johnathan ","Moore","Male","Free"
4,"Hank ","Avery","Male","Free"
5,"Charlotte ","Watson","Female","Free"
6,"Carl ","Moran","Male","Free"
7,"Bob ","Gray","Male","Premium"
8,"Agnes ","Darcy","Female","Free"
9,"Doris ","Owens","Female","Premium"
10,"George ","Bishop","Male","Premium"
11,"Percy ","Walsh","Male","Free"
12,"Agnes ","Clarke","Female","Premium"
13,"Kieth ","Stewart","Male","Free"
14,"Johnny ","Hunter","Male","Premium"
15,"Boris ","Milner","Male","Free"
16,"Cassandra ","Grady","Female","Premium"
17,"Ethan ","Hall","Male","Free"
18,"Sasha ","Ralph","Female","Free"
19,"Sharon ","Dickson","Female","Premium"
20,"Jamie ","Richardson","Female","Premium"
21,"Ema ","Lloyd","Female","Premium"
22,"Alison ","Barclay","Female","Premium"
23,"William ","Gibbons","Male","Premium"
24,"Alexa ","Stuart","Female","Premium"
25,"Daphne ","Carpenter","Female","Free"
26,"Renee ","Alldridge","Female","Premium"
27,"Caitlyn ","Funnell","Female","Premium"
28,"Charlotte ","Walter","Female","Premium"
29,"Rae ","Warren","Female","Free"
30,"Denny ","Oliver","Male","Free"
31,"Payton ","Patel","Female","Free"
32,"Jenna ","Alcroft","Female","Premium"
33,"Jolene ","Alexander","Female","Premium"
34,"Mina ","Ward","Female","Free"
35,"Caleb ","Tyrrell","Male","Free"
36,"Rosemary ","Upton","Female","Premium"
37,"Denis ","Turner","Male","Premium"
38,"Alessia ","Mann","Female","Free"
39,"Tony ","Curtis","Male","Free"
40,"Alexander ","Noon","Male","Free"
41,"Tyson ","Eagle","Male","Premium"
42,"David ","Addis","Male","Premium"
43,"Danny ","Cooper","Male","Premium"
44,"Oliver ","Porter","Male","Premium"
45,"Peter ","Edley","Male","Free"
46,"Elijah ","Dempsey","Male","Premium"
47,"Goldie ","Mooney","Female","Free"
48,"Vivian ","Yoman","Female","Free"
49,"Logan ","Flynn","Male","Free"
50,"Michael ","Oswald","Male","Free"
51,"Ryan ","Wilde","Male","Premium"
52,"Courtney ","Archer","Female","Free"
53,"Sasha ","Stubbs","Female","Free"
54,"Julia ","Norburn","Female","Free"
55,"Rosemary ","Terry","Female","Free"
56,"Drew ","Clarke","Female","Premium"
57,"Carmella ","Long","Female","Premium"
58,"Eileen ","Lynn","Female","Free"
59,"Carina ","Freeburn","Female","Premium"
60,"Owen ","Shaw","Male","Premium"
61,"Matt ","Purvis","Male","Free"
62,"Allison ","Clark","Female","Premium"
63,"Claire ","Hopkinson","Female","Premium"
64,"Alex ","Hood","Female","Premium"
65,"Logan ","Addis","Male","Free"
66,"Matthew ","Clarke","Male","Premium"
67,"Priscilla ","Archer","Female","Premium"
68,"Charlotte ","Plumb","Female","Free"
69,"Ethan ","Olson","Male","Premium"
70,"Mackenzie ","Widdows","Female","Free"
71,"Joseph ","Stone","Male","Premium"
72,"Chester ","King","Male","Free"
73,"Ethan ","Russell","Male","Premium"
74,"Jazmin ","Lunt","Female","Free"
75,"Erica ","Waterhouse","Female","Free"
76,"Rosalee ","Tennant","Female","Premium"
77,"Harriet ","Franks","Female","Premium"
78,"Lily ","Jarrett","Female","Free"
79,"Chuck ","Walton","Male","Free"
80,"Rita ","Broomfield","Female","Premium"
81,"Adalind ","Rixon","Female","Premium"
82,"Daniel ","Stevenson","Male","Free"
83,"Carter ","Vallory","Male","Premium"
84,"Kurt ","Vass","Male","Premium"
85,"Nicholas ","Mason","Male","Free"
86,"Ron ","Bryant","Male","Premium"
87,"Marvin ","Tutton","Male","Free"
88,"Livia ","Emmett","Female","Premium"
89,"Daniel","Hamilton","Male","Premium"
90,"Brad","Clayton","Male","Free"
91,"Chuck","Stevens","Male","Free"
92,"Danny","Lynn","Male","Premium"
93,"Erin","Calderwood","Female","Free"
94,"Marie","Wise","Female","Free"
95,"Denis","Salt","Male","Free"
96,"Aileen","Bayliss","Female","Premium"
97,"Courtney","Furnell","Female","Premium"
98,"Nick","Brock","Male","Free"
99,"Adelaide","Thompson","Female","Premium"
100,"Charlotte","Nelson","Female","Premium"
101,"Elise","Warren","Female","Free"
102,"Abbey","Steer","Female","Premium"
103,"Matt","Fox","Male","Premium"
104,"Doris","Greenwood","Female","Premium"
105,"Alison","Spencer","Female","Free"
106,"Britney","Savage","Female","Free"
107,"Claire","Notman","Female","Free"
108,"Josh","Robe","Male","Free"
109,"Summer","Plumb","Female","Premium"
110,"Noah","Lindop","Male","Premium"
111,"Jack","Clayton","Male","Premium"
112,"Nathan","Walker","Male","Free"
113,"Nate","Davies","Male","Free"
114,"Mark","Olson","Male","Free"
115,"Doris","Driscoll","Female","Premium"
116,"Dakota","Driscoll","Female","Premium"
117,"Matthew","Jenkins","Male","Free"
118,"Rae","Brett","Female","Premium"
119,"Mark","Rogan","Male","Free"
120,"Rose","Squire","Female","Free"
121,"Johnny","Robinson","Male","Premium"
122,"Zara","Woods","Female","Premium"
123,"Valerie","Rixon","Female","Premium"
124,"Tony","Lloyd","Male","Free"
125,"Daria","Gregory","Female","Free"
126,"Makenzie","Palmer","Female","Premium"
127,"Alessia","Pond","Female","Premium"
128,"Alexia","Thompson","Female","Free"
129,"Javier","Whittle","Male","Free"
130,"Percy","Walsh","Male","Premium"
131,"Michael","Mcgregor","Male","Free"
132,"Lexi","Mitchell","Female","Free"
133,"Beatrice","Mcnally","Female","Free"
134,"Domenic","Hobbs","Male","Free"
135,"Caydence","Goodman","Female","Premium"
136,"Stella","Mann","Female","Premium"
137,"Russel","Morgan","Male","Free"
138,"Bernadette","Allington","Female","Free"
139,"Rae","Warren","Female","Premium"
140,"Kieth","Gilmore","Male","Premium"
141,"Ethan","Wilcox","Male","Free"
142,"Lucy","Hall","Female","Free"
143,"Bryon","Briggs","Male","Premium"
144,"Hank","Tait","Male","Premium"
145,"Owen ","Shaw","Male","Free"
146,"Wade ","Penn","Male","Premium"
147,"Liliana ","Rothwell","Female","Premium"
148,"Miriam ","Gunn","Female","Premium"
149,"Cedrick ","Redden","Male","Premium"
150,"Chuck ","Stevens","Male","Premium"
